PARENT,PARENT SCOPE,CODE,NAME,NAME_EN,NAME_RU,NAME_AR,BUDGET,ACTUAL
111,,1.111000.100,ארנונה כללית,Property tax,,,18700000,18973273.85
113,,1.113000.100,הנחות מימון-ארנונה,Property tax-Financing expenses,,,200000,234786.08
115,,1.115000.100,הנחות לזכאים-ארנונה,Property tax-eligibility discounts,,,1200000,1347010.61
191,,1.191000.910,מענק כללי לאיזון,General balancing grant,,,13660000,13660313.64
192,,1.192000.910,מענק חד-פעמי יעודי,One-time dedicated grant,,,13800000,13829739.96
2123,,1.212300.220,אגרת אסוף ובעור אשפה,Garbage collection and disposel fee,,,850000,694191.9
2123,,1.212300.490,הכנסות מתאגיד תמיר,Incomes from Tamir corporation,,,0,0
214,,1.214000.220,אגרת פיקוח וטרינרי,Veterinary inspection fee,,,20000,0
214,,1.214000.221,אג.חסון והסגר כלבים,Dog's vaccine & quarantine fee,,,60000,49416.2
215,,1.215000.220,אגרת הדברת מזיקים,Pesticides fee,,,25000,22573
222,,1.222000.500,החזר שכר רבשצ וסייר-מת',Security & patrol coordinator wage returns ,,,0,0
2221,,1.222100.990,הכנסות-משמר אזרחי,Incomes - civil police,,,6000,4567
227,,1.227000.970,מענק פקער-הגמר,Grant - civil defence,,,1700000,1696310
231,,1.231000.220,אג.מכרזים ושר.הנדסה,Tender & engineering service fee,,,30000,60600
231,,1.231000.590,העברה מקרן היטל השבחה,Transfers from betterment levy,,,0,0
233,,1.233000.220,אגרת רשיונות בניה,Building license fee,,,942000,913660.21
233,,1.233000.221,העתקי טפסים-מחלקת הנדסה,Forms copies - engineering department,,,0,135
242,,1.242000.290,הכנסות מעבודות שונות,Incomes - general works,,,1400000,1444001
269,,1.269000.500,החזר שכר כללי,General wage return,,,80000,20899.76
269,,1.269000.640,הכנסות שכר דירה,Income - apartment rents,,,55000,51004
269,,1.269000.690,הכנסות שונות,incomes - general,,,50000,42325.04
311,,1.311000.420,הכ'הורים-מפעל הזנה לאומ,"Incomes - parents, national feeding plan ",,,750000,588408.31
311,,1.311000.920,הסעת מורים וגננות,Teacher's transportaion,,,1700000,1702858.56
311,,1.311000.922,מ.חינוך-הכ.תקשוב לאומי,Ministry of Education - national ICT ,,,0,0
3111,311|31|3,1.311100.490,שונות-חנוך,Education - misc.,,,5000,21290
03,3122|312|31|3,1.312203.410,שכר לימוד-גני מועדון צה,Tuition - extended day preschool program,,,12000,22000
10,3122|312|31|3,1.312210.410,שכר לימוד גני-ילדים,Tuition - preschools,,,2760000,2879580.28
10,3122|312|31|3,1.312210.790,השת.ב'ל-גנים טיפוליים,?? Payment - Special education / theraputic preschools,,,0,32331
10,3122|312|31|3,1.312210.920,הכנסות יוח'א גנים,Income form extended day preschool programs,,,200000,325791.95
10,3122|312|31|3,1.312210.922,סייעות טיפוליות-גנים,Assistants for special education / theraputic preschools,,,47000,50086.3
10,3122|312|31|3,1.312210.923,גננות שי'ח וח'מ,Special education preschool teachers ,,,0,8011.02
10,3122|312|31|3,1.312210.940,סיעת רפואית גנים-מ.בריאות,Medical assistant for preschools - payment by Ministry of Health,,,0,0
10,3123|312|31|3,1.312310.420,גנים עודפים בישובים,Kindergarten surplus in communities,,,10000,0
10,3123|312|31|3,1.312310.920,שכל'מ ועו'ג-גנים,Tuition and ?? kindergartens ,,,8300000,8626232.11
10,3124|312|31|3,1.312410.410,השתתפות הורים-מעונות,Day care centers - parent payments,,,0,2152.4
10,3124|312|31|3,1.312410.930,השתתפות ממשלה-מעונות,Day care centers - Government payments,,,4500000,4201450
11,3132|313|31|3,1.313211.420,הורים-ח.משלים-אלו'ש,Alon Shvut community supplemental education program - parent payments,,,1635000,1302298.31
11,3132|313|31|3,1.313211.421,שונות ח.משלים-אלו'ש,Alon Shvut community supplemental education program - misc.,,,0,76804
11,3132|313|31|3,1.313211.920,"שרתים,מזכירים-אלו'ש","Alon Shvut community maintenance workers, secretaties",,,730000,704093.2
11,3132|313|31|3,1.313211.921,מ.חנוך-ח.משלים-אלו'ש,Alon Shvut community supplemental education program - Ministry of Education payment,,,50000,78852.65
11,3132|313|31|3,1.313211.922,סייעות כיתתיות-ביס אלוש,Alon Shvut school - class teaching assistants,,,600000,624529.51
11,3132|313|31|3,1.313211.923,מ.חנוך-פרויקט יהדות-אלו,Alon Shvut Judaism Project - Ministry of Education payment,,,130000,60421.86
11,3132|313|31|3,1.313211.924,"מ.חינוך-השת.בטיולים-אלו""ש",Alon Shvut school trips - Ministry of Education payment ,,,0,0
12,3132|313|31|3,1.313212.420,הורים-חנ.משלים-ממד 2 ג',"Supplemental education program, regional state religious school 2 - parent payments",,,1020000,971375.63
12,3132|313|31|3,1.313212.421,שונות חנ.משלים-ממד 2 ג',"Supplemental education, regional state religious school 2- misc.",,,0,0
12,3132|313|31|3,1.313212.920,"שרתים,מזכירים-ממד 2 ג'צ","Maintenance, secretaties regional state religious school 2",,,504000,552786.45
12,3132|313|31|3,1.313212.921,מ.חנוך-ח.משלים-ממד 2 ג',"Supplemental education program, regional state religious school 2 - Ministry of Education payments",,,40000,36712.2
12,3132|313|31|3,1.313212.922,סייעות כיתתיות-ממד 2 ג',"Class teaching assistants, regional state religious school 2",,,495000,651531.96
12,3132|313|31|3,1.313212.923,מ.חנוך-ח.מיוחד-ממד 2 ג',"Special education, regional state religious school 2 - Ministry of Education payments",,,30000,72111.36
12,3132|313|31|3,1.313212.924,"מ.חינוך-השת.בטיולים-ג""צ",School trips - Ministry of Education payments,,,0,0
12,3132|313|31|3,1.313212.940,סיעת רפואית ג'צ-מ.בריאו,Medical assistant  - Ministry of Health payment ,,,0,0
13,3132|313|31|3,1.313213.430,השת.רשויות-סייעות ראשית,"Assitants - ""Reysheet"" special education state religious school, local councils' payments",,,110000,210185
13,3132|313|31|3,1.313213.920,"שרתים,מזכירים-ב'ס ראשית","Maintenance, secretaties Reysheet School ",,,520000,583711.85
13,3132|313|31|3,1.313213.921,מ.חנוך-חנוך מיוחד-ראשית,Special education Reysheet school - Ministry of Education payments,,,50000,89734.07
13,3132|313|31|3,1.313213.922,מ.חנוך-סייעות-ב'ס ראשית,Assitants - Reysheet  school - Ministry of Education payments,,,540000,638460.82
13,3132|313|31|3,1.313213.923,מ.חנוך-השת'בשכ'ד-ראשית,Reysheet school rent - Ministry of Education payments,,,240000,110880
13,3132|313|31|3,1.313213.924,מ.חינוך-השת.בטיולים-ראשית,Reysheet school trips - Ministry of Education payments,,,0,0
14,3132|313|31|3,1.313214.420,הורים-ח.משלים-תקוע,Supplemental education program Tkoa settlement,,,343000,301030.71
14,3132|313|31|3,1.313214.920,"שרתים,מזכירים-תקוע","Maintenance, secretaries, Tkoa settlement",,,240000,290897.04
14,3132|313|31|3,1.313214.921,מ.חנוך-ח.משלים-תקוע,"Supplemental education program, Tkoa settlement- Ministry of Educaiton payments",,,10000,19998.25
14,3132|313|31|3,1.313214.922,סייעות טיפוליות-ביס תקו,Therapy assistants Tkoa school,,,71000,184180.79
14,3132|313|31|3,1.313214.924,מ.חינוך-השת.בטיולים-תקוע,Tkoa school trips - Ministry of Education payments,,,0,0
15,3132|313|31|3,1.313215.420,הורים-ח.משלים-אזורי בנות,Supplemental educuation program Regional School for Girls - parent payments,,,0,139557.5
15,3132|313|31|3,1.313215.421,שונות ח.משלים-אזורי בנות,Supplemental education program Regional School for Girls - misc.,,,0,0
15,3132|313|31|3,1.313215.920,"שרתים,מזכירים-אזורי בנות","Maintenance, secretaries Regional School for Girls",,,0,128972.5
15,3132|313|31|3,1.313215.921,מ.חנוך-ח.משלים-אזורי בנות,Supplemental education program Regional School for Girls - Ministry of Education payments,,,0,12374.8
15,3132|313|31|3,1.313215.922,סייעות שונות-אזורי בנות,Misc assistants Regional School for Girls,,,0,55099.76
15,3132|313|31|3,1.313215.923,מ.חנוך-פרויקט יהדות-אזורי בנות,Judaism Project Regional School for Girls - Ministry of Education payments,,,0,0
15,3132|313|31|3,1.313215.924,מ.חינוך-השת.בטיולים-בנות,School trips - Regional School for Girls - Ministry of Education payments,,,0,0
20,3132|313|31|3,1.313220.430,אגרת הוצ.חנוך-ילדי חוץ,School expenditure fee - external students ,,,600000,666450
20,3132|313|31|3,1.313220.431,סייעות לילדי רשויות חוץ,Assistants for students from external communities,,,0,4030
20,3132|313|31|3,1.313220.790,השתתפות מוסדות בחנוך,Institutional payments in education,,,0,0
20,3132|313|31|3,1.313220.921,חנוך משלים ושר.אחרים,Supplemental educational programs and other ,,,0,88789
20,3132|313|31|3,1.313220.922,סייעות טיפוליות-ביס שונ,Therapy assistants - various schools,,,170000,194384.1
21,3132|313|31|3,1.313221.420,הורים-ח.משלים-מ.עמוס,Supplemental education program Maale Amos school - parent payments,,,2000,3752.6
21,3132|313|31|3,1.313221.920,שרתים מזכירים-ביס מ.עמו,"Maintenance, secretaries - Maale Amos school",,,230000,216138.86
21,3132|313|31|3,1.313221.921,מ.חנוך-ח.משלים-מ.עמוס,Supplemental education program Maale Amos settlement- Ministry of Education payments,,,0,13027
21,3132|313|31|3,1.313221.924,מ.חינוך-השת.בטיולים-מ.עמוס,School trips Maale Amos settlement- Ministry of Education payments,,,0,0
22,3132|313|31|3,1.313222.420,השת.הורים-ח.משלים-תת ב',Supplemental education program Talmud Tora Bat Ayin- parent payments,,,2000,5792.1
3134,313|31|3,1.313400.420,"השתתפות הורים-בי""ס אפיקים למחוננים",Afikim School for Gifted Children - parent payments,,,1000,33512.5
3134,313|31|3,1.313400.430,"השתתפות רשויות-ב""ס אפיקים-מחוננים",Afikim School for Gifted Children - authorities' payments,,,1000,5200
3134,313|31|3,1.313400.920,"שרתים,מזכירים-בי""ס אפיקים למחוננים","Maintenance, secretaries - Afikim School for Gifted Children",,,1000,32302.71
3134,313|31|3,1.313400.923,"מ.חנוך-השת.שכ""ד-ב""ס אפיקים-מחוננים",Afikim School for Gifted Children rent - Ministry of Education payments,,,1000,0
3171,,1.317100.920,קב'ט ושמירת מוס'ח-מ.חנו,Security officer and guarding educational institutions - Ministry of Education payments,,,150000,164952.47
3171,,1.317100.980,אבטחת מוסדות חינוך-משטר,Security of education institutions - Police,,,1300000,1103072.04
3173,,1.317300.790,השת.קג'ע-פסיכולוג מעונו,Psychologist residence - payments by,,,25000,5018
3173,,1.317300.920,שפ'י והדרכת פסיכולוג,Educational psychology service and training ,,,700000,762331
3174,317|31|3,1.317400.940,בריאות השן-משרד הבריאות,Dental health - Ministry of Health,,,0,31619
3177,,1.317700.920,קב'ס-השת.משרד החנוך,Dropout prevention officer - Ministry of Education payments,,,92000,128392.66
3177,,1.317700.921,קידום נוער-מ.חנוך,Youth cultivation - Ministry of Education ,,,113000,60196
3177,,1.317700.922,מועדוניות קב'ס-מ.חינוך,Dropout prevention after-school facility,,,110000,111371.48
3178,,1.317800.920,הסעות תלמידים-חינוך,Student transportation - Ministry of Education,,,21000000,20802720.75
322,,1.322000.920,"ת.תורנית,ב.נער,שונ.מ.חינוך למתנס","Misc Ministry of Education payments of the culture, youth and sports center",,,80000,381341
322,,1.322000.980,משרד התרבות למתנס,"Ministry of Culture and Sport payments fo the culture, youth and sports center",,,0,0
323,,1.323000.920,ספריות ציבוריות,Public libraries,,,200000,265000
3323,,1.332300.490,דמי טיפול-מרפ.שיניים,Treatment fees - dental clinic,,,406000,222171
336,,1.336000.490,דמי הסעת חולים-באמב.,Ambulance patient transportation fee,,,60000,6776.75
336,,1.336000.790,השת.מד'א בהסעת חולים,Patient transportation -  Magen David  Adom (Red Magen David) payment,,,5000,0
336,,1.336000.940,השת.מ.בריאות-בהסעת חולי,Patient transportation - Ministry of Health payment,,,50000,46000
341,,1.341000.930,שכר וארגוניות-מינהל-ישן,Salary and organizationals - old administration ,,,0,0
341,34|3,1.341000.980,השתתפות במצילה-משטרה,Crime prevention and violence reduction coordinator - State police payments,,,0,0
01,341|34|3,1.341001.930,שכר עובדי המחלק.לש'ח,Social service department employee salaries,,,730000,654337
02,341|34|3,1.341002.930,הוצאות מנהליות-הכ.,Administrative expenses - ??,,,2000,0
03,341|34|3,1.341003.930,כ'א לחינוך המיוחד-הכ.,Human resources for special education - ??,,,26000,26306
04,341|34|3,1.341004.930,פעולות ארגוניות-הכ.,Organizational activities - ??,,,0,0
05,341|34|3,1.341005.930,מיחשוב מחלקת הרווחה,Computerizing the welfare department ,,,0,0
342,,1.342000.420,רווחה כללי-השתתפות עצמי,Welfare general - deductable ,,,0,0
01,3422|342|34|3,1.342201.930,מקלטים לנשים מוכות,Battered Women shelters,,,0,0
02,3422|342|34|3,1.342202.420,משפחות במצוקה בקהילה-השת.עצמית,Assistance program for families in distress in the community - deductable,,,0,0
02,3422|342|34|3,1.342202.930,משפחות במצוקה בקהילה,Assistance program for families in distress in the community  ,,,37000,55312
04,3422|342|34|3,1.342204.930,סיוע למשפחות עם ילדי א.,Assistance for families with ?? children,,,36000,42224
07,3422|342|34|3,1.342207.930,סיוע חד פעמי לחימום,One time assistance with heating expenses,,,0,0
3424,,1.342400.930,מרכזי טיפול באלימות,Violence therapy center,,,0,6380
01,3424|342|34|3,1.342401.930,טיפול בפרט ובמשפחה,Individual and family therapy,,,0,0
01,3435|343|34|3,1.343501.420,טפ.במשפחות אומנה-השת.עצ,Foster family therapy - deductable,,,0,5688.3
01,3435|343|34|3,1.343501.930,טיפול במשפחות אומנה,Foster family therapy ,,,60000,77142
02,3435|343|34|3,1.343502.420,טיפול בילד בקהילה-השת.ע,Child therapy in the community - deductable,,,10000,24838.6
02,3435|343|34|3,1.343502.930,טיפול בילד בקהילה,Child therapy in the community,,,300000,328337
03,3435|343|34|3,1.343503.930,יצירת קשר הורים-ילדים,Creating a parent-child bond ,,,7000,14528
04,3435|343|34|3,1.343504.930,טיפול בילדים בסיכון,Therapy for children at risk,,,12000,34120
05,3435|343|34|3,1.343505.420,טפ.בפגיעות מיניות-הש.עצ,Therapy for victims of sexual abuse - deductable,,,0,0
05,3435|343|34|3,1.343505.930,טיפול בפגיעות מיניות,Therapy for victims of sexual abuse ,,,80000,86115
06,3435|343|34|3,1.343506.420,בדיק.פסיכולוגיות-השת.עצ,Psychological evaluation - deductable,,,0,0
06,3435|343|34|3,1.343506.930,בדיקות פסיכולוגיות,Psychological evaluation,,,0,9900
07,3435|343|34|3,1.343507.930,מרכזי הורים - ילדים,Parent-children centers,,,0,0
01,3438|343|34|3,1.343801.420,אח.ילדים בפנימיות-השת.ע,Care for boarding school children - deductable ,,,11000,7392.25
01,3438|343|34|3,1.343801.930,אחזקת ילדים בפנימיות,Care for boarding school children ,,,570000,577840
02,3438|343|34|3,1.343802.420,עם הפנים לקהילה-השת.עצמ,"State reform program for children at risk ""Community Plan"" - deductable",,,74000,80949.85
02,3438|343|34|3,1.343802.421,עם פנים קהילה-ה.עצ.ליא+,"State reform program for children at risk ""Community Plan"" -  ??",,,6000,8300
02,3438|343|34|3,1.343802.422,עם פנים קהילה-הש.עצ.מוע,"State reform program for children at risk ""Community Plan"" - council payments",,,0,0
02,3438|343|34|3,1.343802.930,תכנית עם הפנים לקהילה,"State reform program for children at risk ""Community Plan"" ",,,142000,144000
3439,,1.343900.930,ילדים במעונות יום,Children in daycare centers,,,207000,224420
3439,343|34|3,1.343900.931,ילדים במעונות יום-ילדי חוץ,Children in daycare centers - external children,,,0,0
01,3443|344|34|3,1.344301.420,אח'זקנים במעונות-הש.עצמ,Elderly housing - deductable,,,27000,10511.5
01,3443|344|34|3,1.344301.930,אחזקת זקנים במעונות,Elderly housing,,,82000,108137
02,3443|344|34|3,1.344302.420,נופשון לזקן-השתת.עצמית,Short term respite care for the elderly - deductable,,,0,2340
02,3443|344|34|3,1.344302.930,נופשון לזקן,Short term respite care for the elderly ,,,3000,11547
01,3444|344|34|3,1.344401.420,מועדונים לזקנים השת.צד ג',Elderly clubs - 3rd party deductable,,,0,0
01,3444|344|34|3,1.344401.930,מועדונים לזקנים,Elderly clubs ,,,126000,14996
02,3444|344|34|3,1.344402.420,טפ.בזקן בקהילה-השת.עצמי,Treatment of the elderly in the community - deductable,,,0,0
02,3444|344|34|3,1.344402.930,טיפול בזקן בקהילה,Treatment of the elderly in the community program ,,,20000,14205
03,3444|344|34|3,1.344403.420,מועדונים תוכ.העשרה-השת.עצמית,Elderly clubs enrichment programs - deductable,,,0,0
03,3444|344|34|3,1.344403.930,מועדונים תוכ.העשרה,Elderly clubs center enrichment programs,,,22000,0
05,3444|344|34|3,1.344405.930,מרכזי ועדות-חוק סעוד,Committee coordinators - Nursing Law impelementation ,,,0,5569
06,3444|344|34|3,1.344406.930,טיפ.שיניים ומכ.לקשיש,Dental services for the elderly,,,0,7728
07,3444|344|34|3,1.344407.420,שירותים לניצולי שואה-השת.עצמית,Holocaust survivor services - deductable,,,0,0
07,3444|344|34|3,1.344407.930,שירותים לניצולי שואה,Holocaust survivor services,,,0,0
01,3445|344|34|3,1.344501.420,מועדונים מועשרים-השת.עצמית,Enriched clubs for the elderly (where there are no day care centers) - deductable,,,0,0
01,3445|344|34|3,1.344501.930,מועדונים מועשרים,Enriched clubs for the elderly (where there are no day care centers) ,,,80000,81303
01,3451|345|34|3,1.345101.420,סד.מפג.במוסדות-השת.עצמי,Arrangements for the mentally retarded in institutions - deductable,,,44000,5501.6
01,3451|345|34|3,1.345101.930,סדור מפגרים במוסדות,Arrangements for the mentally retarded in institutions ,,,823000,825911
02,3451|345|34|3,1.345102.420,טיפול בהורים ובילדים-השת.עצמית,Child and parent therapy   - deductable,,,0,207.9
02,3451|345|34|3,1.345102.930,טיפול בהורים ובילדים,Child and parent therapy  ,,,20000,12697
04,3451|345|34|3,1.345104.420,נופשונים וקייטנות-הש.עצ,Respite and summer day camps   - deductable,,,1000,1583
04,3451|345|34|3,1.345104.930,נופשונים וקייטנות,Respite and summer day camps   ,,,1000,374
05,3451|345|34|3,1.345105.930,משפחות אומנה למפגר,Foster families for the mentally retarded,,,9000,5279
06,3451|345|34|3,1.345106.930,מ.יום שיקומי לאוטיסט,Rehabilitation daycare center for the autistic,,,0,0
07,3451|345|34|3,1.345107.930,החזקת אוטיסטים במסגרת,Maintaining the autistic in an organized setting ,,,90000,96122
01,3451|345|34|3,1.345201.420,מסגרות יום ארוך-השת.עצמ,Extended day settings - deductable,,,0,0
01,3452|345|34|3,1.345201.930,מסגרות יום ארוך,Extended day settings ,,,0,0
02,3452|345|34|3,1.345202.420,מפג.במעון טפולי-השת.עצמ,Theraputic daycare center for the mentally retarded - deductable,,,19000,47602.1
02,3452|345|34|3,1.345202.930,מפגרים במעון טפולי,Theraputic daycare center for the mentally retarded ,,,197000,209174
03,3452|345|34|3,1.345203.420,"מעשי""ם-השת.עצמי",Sheltered employment program for the mentally retarded - deductable,,,0,0
03,3452|345|34|3,1.345203.930,מעשי'ם,Sheltered employment program for the mentally retarded ,,,72000,31613
01,3453|345|34|3,1.345301.930,שרותים תומכים למפגר,Support services for the mentally retarded,,,7000,11288
02,3453|345|34|3,1.345302.420,נופשונים למפגר-השת.עצמי,Respite for the mentally retarted -deductable,,,0,6119
02,3453|345|34|3,1.345302.930,נופשונים למפגר,Respite for the mentally retarted  ,,,6000,9291
03,3453|345|34|3,1.345303.930,הסעות למ.יום למפגר,Transportation to daycare centers for the mentally retarded,,,12000,0
01,3453|345|34|3,1.346101.420,ילדים עוורים במוסדות-השת.עצמית,Blind children in institutions - deductable,,,9000,6658.8
01,3461|346|34|3,1.346101.930,ילדים עוורים במוסדות,Blind children in institutions,,,29000,25380
01,3463|346|34|3,1.346301.930,דמי ליווי לעוור,Guide for the blind - fee ,,,0,0
02,3463|346|34|3,1.346302.930,הדרכת עוור ובני ביתו,Training for the blind and their famillies,,,1000,0
03,3463|346|34|3,1.346303.930,שיקום העיוור בקהילה,Rehabilitation of the blind in the community,,,1000,0
01,3464|346|34|3,1.346401.930,מפעלי שיקום לעוור,Vocational rehabilitation centers for the blind,,,0,0
3465,,1.346500.930,אחזקת נכים בפנימיות,Maintaining the physically disabled in boarding facilities,,,397000,400800
01,3466|346|34|3,1.346601.930,תעסוקה מוגנת למוגבלים,Sheltered employment for the physically disabled,,,31000,23254
02,3466|346|34|3,1.346602.420,מס.יום לילד מוגבל-השת.ע,"
Daycare center for physically disabled children - deductable",,,2000,3396
02,3466|346|34|3,1.346602.930,מס.יום לילד המוגבל,Daycare center for physically disabled children,,,7000,5858
02,3466|346|34|3,1.346602.931,מס.יום י.מוגבל-ילדי חוץ,Daycare center for physically disabled children - external children who do not live in Gush Etzion,,,0,0
01,3467|346|34|3,1.346701.930,תוכניות לילד החריג,Programs for the exceptional child,,,0,10451
02,3467|346|34|3,1.346702.930,הסעות למעון יום שיקומי לנכים,Transportation to rehabilitation daycare for the physically disabled,,,100000,101533
03,3467|346|34|3,1.346703.420,מ.יום שקומי לנכים-השת.ע,Rehabilitation daycare center for the physically disabled - deductable,,,17000,6064
03,3467|346|34|3,1.346703.930,מ.יום שיקומי לנכים,Rehabilitation daycare center for the physically disabled  ,,,95000,132581
04,3467|346|34|3,1.346704.930,ליווי למ.יום שיקומי,Accompaniment to the rehabilitation daycare center,,,36000,21558
05,3467|346|34|3,1.346705.420,נופשונים להבראה-השת.עצמ,Respite care - deductable,,,2000,1100
05,3467|346|34|3,1.346705.930,נופשונים להבראה,Respite care,,,20000,10734
06,3467|346|34|3,1.346706.930,חלופה למ.יום שיקומי לנכים,Alternative to rehabilitation daycare center for the physically disabled,,,0,3277
07,3467|346|34|3,1.346707.930,תעסוקה נתמכת לנכים,Supported employment for the physically disabled,,,0,0
01,3468|346|34|3,1.346801.930,מרכזי איבחון ושיקום,Diagnosis and rehabilitation center,,,1000,18404
02,3468|346|34|3,1.346802.420,שיקום נכים בקהילה-השת.עצמ.,Rehabilitation of the physically disabled in the community - deductable,,,0,0
02,3468|346|34|3,1.346802.930,שיקום נכים בקהילה,Rehabilitation of the physically disabled in the community ,,,8000,3209
03,3468|346|34|3,1.346803.930,דמי תקשורת לחרשים,Communication fee for the deaf,,,0,0
04,3468|346|34|3,1.346804.930,מועדונים לעיוור,Clubs for the blind,,,3000,0
04,3471|347|34|3,1.347104.930,טיפול בנוער ובצעירים,Care for youth and adolecsents,,,8000,15991
05,3471|347|34|3,1.347105.420,טיפול בנערות במצוקה-השת.עצמ.,Care for adolecsent girls in distress - deductible,,,0,2500
05,3471|347|34|3,1.347105.930,טיפול בנערות במצוקה,Care for adolecsent girls in distress ,,,4000,15038
06,3471|347|34|3,1.347106.930,מקלטים לנערות,Shelters for girls,,,0,22300
07,3471|347|34|3,1.347107.930,פרוייקט וינגייט,Wingate project ,,,0,1200
02,3473|347|34|3,1.347302.930,טפול באלכוהוליסטים,Care for alchoholics,,,15000,15432
03,3473|347|34|3,1.347303.930,סמים-טיפול בקהילה,Drug abuse - community care,,,0,0
04,3473|347|34|3,1.347304.930,מ.יום לנוער-סמים,Youth day care center - drug abuse,,,0,23321
3474,347|34|3,1.347400.930,מפת'ן מקומי - החזקה,"Maintenance of the local ""Miftan"" project (youth employment factory)",,,0,11436
01,3482|348|34|3,1.348201.420,לכידות חברתית-השת.עצמית,Social cohesion in the community - deductable,,,0,365
01,3482|348|34|3,1.348201.930,לכידות חברתית,Social cohesion in the community ,,,100000,98817
02,3482|348|34|3,1.348202.930,הסעות במועצות אזוריות,Transportation in regional councils,,,45000,44824
01,349|34|3,1.349001.930,משפחות עולים במצוקה,Immigrant/olim families in distress,,,6000,3263
02,349|34|3,1.349002.930,מעונות יום - עולים,Daycare centers - immigrants/olim ,,,20000,14555
03,349|34|3,1.349003.420,ילדים במצוקה עולים-ה.עצ,Immigrant/olim children in distress - deductable,,,0,5310
03,349|34|3,1.349003.930,ילדים במצוקה - עולים,Immigrant/olim children in distress,,,9000,3275
04,349|34|3,1.349004.930,טיפול בזקנים - עולים,Care for elderly - immigrants/olim,,,1000,6504
05,349|34|3,1.349005.930,עובדי שכונה - עולים,Neighborhood employees -  immigrants/olim,,,31000,25093
06,349|34|3,1.349006.930,טפול בצעירים - עולים,Care for  immigrants/olim youth,,,0,0
44,,1.440000.620,מכירת רכב וציוד,Sales of vehicles and equipment,,,0,0
44,,1.440000.650,הכנסות מרכב,Renenue from vehicles,,,150000,65900
47,,1.470000.220,אגרת ביוב,Sewage fee,,,1790000,1592186
47,,1.470000.590,העברה מקרן ביוב,ransfer from sewage fund,,,0,0
511,,1.511000.690,ריבית ודיבידנדים,Interest and dividends,,,60000,40973.8
513,,1.513000.510,החזר הוצ.שנים קודמות,Returns on expenses previous years,,,250000,351357
591,59|5,1.591000.590,החזרי קרן פיצויים,Returns - pension fund,,,500000,502549.24
591,59|5,1.591000.591,החזרי קרן פנסיה תקציבית,Returns - budgetary pension fund,,,0,14683.24
6111,,1.611100.110,שכר נבחרים,Salaries of elected officials,,,1137000,1139404.08
6111,,1.611100.111,שכר הנהלה,Salaries - management,,,285000,231604.68
6111,,1.611100.513,נסיעות לחו'ל,Overseas travel,,,0,0
6111,,1.611100.532,מז.ר'מועצ4755963. מהשכרה,Car lease/rental (Mazda) - Administrative assistant of the Head of the Regional Council,,,60000,70826.72
6111,,1.611100.533,"ג'טה 8137770 סגן ר""מ-ליסינג והשכרה",Car lease/rental (VW Jetta) - Deputy Head of the Regional Council,,,65000,69918.24
6111,,1.611100.534,"גרנדיס ר""מ 6350372 מ-4/12 ליסינג-קשר",Car lease/rental (Mitsubishi Grandis) - Head of the Regional Council,,,0,0
6111,,1.611100.750,עבודות קבלניות-הנהלה,Contracted projects - management,,,0,0
612,,1.612000.110,שכר מבקר המועצה,Salary - council auditor/comptroller ,,,172000,55616.33
613,,1.613000.110,שכר מזכירות המועצה,Salary - council secretariate  ,,,750000,759252.06
613,,1.613000.420,תחזוקה-בנין המועצה,Maintenance - council building,,,60000,92049.62
613,,1.613000.422,נקיון ושמירה-בנין המועצה,Cleaning and security - council building ,,,140000,143954.56
613,,1.613000.430,"חשמל,מים,נקיון","Electricity, water, cleaning",,,150000,160046.32
613,,1.613000.440,ביטוח עובדים,Employee insurance,,,230000,232892
613,,1.613000.450,רהוט והחזקתו,Furniture and its maintenance,,,0,0
613,,1.613000.470,ציוד משרדי מתכלה,Parishable office equipment,,,70000,52983.44
613,,1.613000.510,אש'ל וכיבודים,Per diem and refreshments ,,,70000,74351.64
613,,1.613000.532,ניסן מוגן 14-267-35 קג',Armor protected Nissan 14-267-35,,,0,0
613,,1.613000.533,ניסן מוגן 14-793-35,Armor protected Nissan 14-793-35,,,0,0
613,,1.613000.534,אוקטביה 27-270-10 מנכל,Skoda Octavia - General Manager ,,,0,0
613,,1.613000.535,ג'טה27-370-67מנכל-ליסינ,VW Jetta - General Manager lease,,,70000,73144.84
613,,1.613000.536,פלואנס 4026979 מנכל-ליסינג 11/12,Renault Fluence - General Manager car lease 11/12,,,0,0
613,,1.613000.540,הוצאות תקשורת,Communication expenses,,,160000,131561.39
613,,1.613000.550,הוצאות פרסום,Publication expenses,,,60000,70764.24
613,,1.613000.580,הוצאות ארגוניות-קבועות,Fixed organizational expenses,,,350000,389756
613,,1.613000.581,ארגוניות-עובדים ושונות,Organizational expenses - employees and misc.,,,0,0
613,,1.613000.781,ועדים-מנהלה,Committees - administration,,,180000,181980
613,,1.613000.830,ארג.המועצות האזוריות,Organization of Regional Councils,,,60000,59922
613,,1.613000.831,האגודה לקידום האכלוס,The Association for the Promotion of Settlement,,,840000,808670
613,,1.613000.930,רכישת ציוד יסודי,Procurement of basic equipment,,,20000,33339.6
614,61|6,1.614000.550,יחסי ציבור פרסום והסברה,Public relations and publicity ,,,50000,62038.8
614,61|6,1.614000.750,ניהול פרוייקטים-יחסי ציבור,Project management - public relaitons,,,0,10744
616,,1.616000.780,השתלמויות-הוצ.שונות,Continuing education - misc. expenses,,,60000,130897.1
617,,1.617000.750,יעוץ משפטי והוצ.משפט,Legal consultancy and trial/court expenses ,,,320000,318859.54
619,61|6,1.619000.750,עב.קבלניות בחירות,Elections - contractors,,,0,1651
621,,1.621000.110,שכר גזברות והנח'ש,Salaries - treasury and accountancy,,,1640000,1633298.91
6211,,1.621100.531,אוקטביה 27-269-10 גזבר,Skoda Octavia - treasurer ,,,0,0
6211,,1.621100.532,לוגן51-842-69גזבר-ליסינ,Renault Logan - treasurer car lease,,,70000,81989.12
6211,,1.621100.533,פלואנס 4027079 גזבר-ליסינג 11/12,Renault Fluence - treasurer car lease 11/12,,,0,0
6211,,1.621100.750,יעוץ מנהל כספי,Financial administration consultancy,,,70000,76080.4
6211,,1.621100.781,ועדים-מינהל כספי,Committees - financial administration,,,180000,181990
6213,,1.621300.570,מיכון ותוכנה,Mechanization and software,,,620000,621418.08
6213,,1.621300.781,ועדים-הנהלת חשבונות,Committiees - bookkeeping ,,,180000,181990
6213,,1.621300.930,ציוד יסודי-גזברות,Basic equipment - treasury,,,20000,1914
623,62|6,1.623000.750,גביה-עבודות קבלניות,Collection - contractor,,,30000,35811.33
623,62|6,1.623000.751,גביה-הצאות משפטיות,Collection - trial/court expenses,,,120000,124873.19
632,,1.632000.600,"הוצ.ממון,רבית ועמלות","Financing, interest and commission expenses ",,,200000,209378.85
6491,649|64|6,1.649100.691,פרעון מלוות-קרן,Loan redemption - principal ,,,35000,35394.71
6491,649|64|6,1.649100.692,פרעון מלוות-ריבית,Loan redemption - interest,,,1000,733.26
6491,649|64|6,1.649100.693,פרעון מלוות-הצמדה,Loan redemption- linkage ,,,21000,20999.31
6492,,1.649200.691,קרן פרע'מ ביוב,Loan redemption - principal State developement loan for sewage,,,680000,680311.72
6492,,1.649200.692,ריבית פרע'מ ביוב,Loan redemption- interest on State developement loan for sewage,,,380000,380864.85
6492,,1.649200.693,הצמדה פרע'מ ביוב,Linkage loan redemption State developement loan for sewage,,,270000,278970.94
71,7,1.710000.110,שכר-הנהלת האגף התפעולי,Salaries - operations department management  ,,,695000,661996.25
71,7,1.710000.530,מזדה 3?  -   -   פינצ'י,Mazda -- Pinchi,,,0,0
71,7,1.710000.531,מזדה 3 16-139-61 י'ב,Mazda 3,,,40000,47347.63
71,7,1.710000.780,הוצ.ארגונ.האגף התפעולי,Organizational expenses - operations department,,,5000,2461.68
711,,1.711000.110,שכר-תברואנים,Salaries - sanitation employees ,,,400000,427510.44
711,,1.711000.736,טויוטה תברואה 72-029-66 מ-9/11,Toyota - sanitation from 9/11,,,0,18287.95
711,,1.711000.740,כלים ושונות תברואה,Sanitation tools and misc. ,,,30000,26114.43
711,,1.711000.781,ועדים-תברואה,Committees - sanitation,,,180000,181990
7123,,1.712300.110,שכר-פינוי אשפה,Salaries - garbage collection,,,850000,841262.68
7123,,1.712300.734,סקניה 48-177-15,Scania truck,,,360000,477335.76
7123,,1.712300.735,משאית דאף 72-384-67,Duff truck 72-384-67,,,310000,610873.81
7123,,1.712300.736,משאית דאף 77-379-13 שלדה 959785,Duff truck 77-379-13,,,0,0
7123,,1.712300.740,תיקון מכולות אשפה,Garbage truck repair,,,70000,25369.4
7123,,1.712300.750,הטמנת אשפה במזבלה,Dumping garbage in landfill,,,500000,33602.35
7123,,1.712300.751,קבלני פינוי אשפה,Garbage collection contractors,,,280000,339221.38
7123,,1.712300.752,היטל הטמנת אשפה,Garbage dumping levy,,,300000,42596.93
7123,,1.712300.753,עבודות קבלניות-פנוי אשפ,Contractor work - garbage collection,,,120000,261291.36
7123,,1.712300.930,רכישת מכולות אשפה,Procurement of garbage containers,,,70000,153365.2
714,,1.714000.110,שכר-וטרינר,Salary - Vet,,,190000,216197.89
714,,1.714000.430,חשמל ומים-כלביה,Dog pound electricity and water,,,10000,6686.61
714,,1.714000.720,חמרים והוצאות-וטרינר,Materials and expenses - vet,,,20000,35983.18
715,,1.715000.720,חומרי ריסוס והדברה,Spray pesticides ,,,20000,17049
715,,1.715000.781,ועדים-הדברה,Committees - pest control,,,180000,181990
721,,1.721000.110,שכר-בטחון,Salary - security,,,0,0
721,,1.721000.532,פג'רו קבט 9220163 מ1/07,Mitsubishi Pajero for secrurity officer from 1/07,,,65000,75084.38
721,,1.721000.740,כלים וציוד-בטחון,Tools and equipment - security,,,15000,14414
721,,1.721000.750,מוקד ועב.קבלניות-בטחון,Call center and contractor work - security,,,100000,107962.52
722,,1.722000.740,אחזקת מכשירי קשר,Maintenance of two-way radio devices,,,250000,281259.56
722,,1.722000.741,אחזקת גנרטורים,Maintenance of generators,,,10000,12349.59
7221,,1.722100.750,משמר אזרחי-הוצאות,Civil guard - expenses,,,12000,8960.3
723,,1.723000.420,מקלטים-חומרים ושירותים,Bomb shelters - materials and services,,,2000,0
723,,1.723000.460,ציוד מיגון אישי,Personal protection equipment ,,,0,0
723,,1.723000.481,מפקדות-הוצאות שונות,Headquarters - misc expenses,,,0,0
723,,1.723000.550,הוצ.פרסום-הג'א,Publication expenses - state Home Front Command (HFC),,,1000,0
723,,1.723000.630,"פרסומים והדרכה-הג""א",Publications and training - HFC,,,0,0
723,,1.723000.750,עב.קבלניות-מקלטים,Bomb shelters - contracted work (HFC),,,5000,0
723,,1.723000.751,עב.ישובים-מקלטים,Bomb shelters - settlements (HFC),,,0,0
723,,1.723000.753,סככות לרכב הג'א,Car shed for HFC vehicles ,,,1000,0
723,,1.723000.754,אחזקת מחסן ערכות מגן,Maintenance of warehouse for protection kits (chemical warfare) ,,,2000,0
723,,1.723000.810,השתתפות בהג'א ארצי,Payment to national HFC,,,60000,67552.11
724,,1.724000.740,כלים וציוד-כיבוי אש,Firefighting tools and equipment,,,30000,32934
724,,1.724000.830,השת.באגוד ערים כבאות,Payment to the Association of Towns - Firefighting,,,370000,370578
7261,,1.726100.780,מל'ח-הוצאות שונות,Complicance with State of Emergency regulations - misc. expenses,,,5000,7653.12
7261,,1.726100.980,מל'ח-הוצאות שלג וחרום,State of Emergency regulations - snow and emergency,,,25000,0
91,7261|726|72|7,1.726191.780,מפלסת שלג 503-100,Snow plow,,,5000,23457
92,7261|726|72|7,1.726192.780,גרור הצלה 12-463-59 סיר,Rescue tow,,,1000,686
93,7261|726|72|7,1.726193.780,גרור תאורה 17-145-15,Lighting system tow 17-145-15,,,1000,750
94,7261|726|72|7,1.726194.780,גרור 45581-בטחון,Secrurity tow 45581,,,1000,686
95,7261|726|72|7,1.726195.780,גרור 45582-בטחון,Secrurity tow 45582,,,1000,686
96,7261|726|72|7,1.726196.780,גרור 9267457 (77) חילוץ,Extrication tow,,,1000,686
97,7261|726|72|7,1.726197.780,גרור 91-713-57 מיכל מים,Water tank tow,,,1000,686
98,7261|726|72|7,1.726198.780,גרור 79-794-00 תאורה-חד,Lighting system tow 79-794-00,,,1000,686
99,7261|726|72|7,1.726199.780,גרור 95-502-14 כיבוי חד,Extinguisher tow 95-502-14,,,1000,1173
01,7263|726|72|7,1.726301.780,גרור 95-672-14 כיבוי חד,Extinguisher tow 95-672-14,,,1000,686
02,7263|726|72|7,1.726302.780,גרור 98-343-61 כיבוי חד,Extinguisher tow 98-343-61,,,1000,686
03,7263|726|72|7,1.726303.780,גרור 16-214-68 מים חדש,New water tank tow 16-214-68,,,1000,686
04,7263|726|72|7,1.726304.780,"גרור כיבוי ה""ג 98-300-69",Extinguisher tow Har Gilo settlement,,,1000,686
05,7263|726|72|7,1.726305.780,גרור מיכל מים 16-327-68,Water tank tow 16-327-68,,,1000,750
06,7263|726|72|7,1.726306.780,גרור מיכל מים 16-328-68,Water tank tow 16-328-68,,,1000,750
07,7263|726|72|7,1.726307.780,גרור כיבוי 9578071 פ.קדם-מיצד,Extinguisher tow Pnei Kedem & Meitsad settlements,,,0,885.58
08,7263|726|72|7,1.726308.780,גרור כיבוי 9578271 בת עין,Extinguisher tow Bat Ein settlement,,,0,860
09,7263|726|72|7,1.726309.780,גרור כיבוי 95-785-73 גבעות,Extinguisher tow Gvaot settlement,,,0,0
727,,1.727000.530,רכבי בטחון בישובים,Security vehicles in settlements,,,95000,8224.34
727,,1.727000.531,ניסן מוגן 14-120-35 בטח,Armored Nissan 14-120-35,,,45000,36391.84
727,,1.727000.532,ניסן מוגן 14-121-35 תקו,Armored Nissan Tkoa settlement,,,42000,47035.71
727,,1.727000.533,ניסן מוגן 14-134-35 כ'צ,Armored Nissan Kfar Etzion settlement ,,,54000,45173.56
727,,1.727000.534,ניסן מוגן 33-594-50 ה'ג,Armored Nissan Har Gilo settlement,,,42000,29247.52
727,,1.727000.535,ניסן מוגן 33-414-50 מיצ,Armored Nissan Meitsad settlement,,,43000,33763.84
727,,1.727000.536,תומקר 98-074-15 בטח.ג'צ,Tomcar  Rosh Tsurim settlement,,,0,0
727,,1.727000.537,דיפנדר מוגן 5280617 נוק,Armored Defender Nokdim settlement,,,52000,75491.52
727,,1.727000.538,דיפנדר מוגן 5283717 מ.ע,Armored Defender Maale Oz settlement,,,50000,49916.83
727,,1.727000.539,דיפנדר מוגן 5283317 אלד,Armored Defender Kfar Eldad settlement,,,49000,62739.99
56,727|72|7,1.727056.531,מגנום מגדל עוז 79-528-51 נגנב,Stolen Magnum Migdal Oz settlement,,,0,0
56,727|72|7,1.727056.532,דימקס מ.עוז 39-135-72,D-Max Maale Oz settlement,,,48000,32469.66
57,727|72|7,1.727057.530,איסוז.הר גילה 70-386-17,Isuzu Har Gilo settlement,,,0,0
57,727|72|7,1.727057.531,מגנום הר גילה 34-519-59,Magnum Har Gilo settlement,,,40000,37755.31
57,727|72|7,1.727057.532,"דימקס ה""ג 42-237-13",D-Max Har Gilo settlement,,,0,0
58,727|72|7,1.727058.531,מגנום כ.עציון 79-593-51,Magnum Kfar Etzion settlement,,,0,0
58,727|72|7,1.727058.532,"דימקס כ""ע 39-134-72",D-Max Kfar Etzion settlement,,,40000,50657.15
59,727|72|7,1.727059.532,דימקס-שדה בר 55-629-70,D-Max Sde Boaz settlement,,,24000,85110.01
60,727|72|7,1.727060.531,מגנום אלו'ש 89-956-36,Magnum Alon Shvut settlement,,,0,0
60,727|72|7,1.727060.532,הנטר אלו'ש 22-817-64,Hunter Alon Shvut settlement,,,48000,62539.72
61,727|72|7,1.727061.531,מגנום כר.צור 89-959-36,Magnum Karmei Tsur settlement,,,0,0
61,727|72|7,1.727061.532,דימקס כרמי-צור 55-627-70,D-Max Karmei Tsur settlement,,,40000,56404.77
62,727|72|7,1.727062.531,מגנום נ.דניאל 79-529-51,Magnum Neve Daniel settlement,,,0,0
62,727|72|7,1.727062.532,דימקס נווה-דניאל 55-630-70,D-Max Neve Daniel settlement,,,45000,65708
63,727|72|7,1.727063.533,מגנ.גבעות 8995636 מאלו',Magnum Gvaot settlement,,,0,2197.26
63,727|72|7,1.727063.534,דימקס גבעות 39-138-72,D-Max Gvaot settlement,,,23000,19270.13
64,727|72|7,1.727064.533,הנטר איבי הנחל 31-905-66,Hunter Ibei Hanachal settlement,,,27000,30360.81
65,727|72|7,1.727065.532,הנטר בת עין 50-234-62,Hunter Bat Ayeen settlement,,,46000,67179.05
66,727|72|7,1.727066.531,מגנום ר.צורים 95-838-10,Magnum Rosh Tsurim settlement,,,0,0
66,727|72|7,1.727066.532,הנטר ר.צורים 31-649-66,Hunter Rosh Tsurim settlement,,,39000,49275.58
67,727|72|7,1.727067.532,הנטר תקוע 22-819-64,Hunter Tkoa settlement,,,56000,39945.93
68,727|72|7,1.727068.531,מגנום תקוע ב' 89-957-36,Magnum Tkoa B settlement,,,0,0
68,727|72|7,1.727068.532,מגנום תקוע ב' 79-529-51 מדניאל,Magnum Tkoa B settlement from Daniel,,,0,2152.35
68,727|72|7,1.727068.533,דימקס תקוע ב' 39-136-72,D-Max Tkoa B settlement,,,36000,74176.73
71,727|72|7,1.727071.533,מגנום מיצד ב' 95-837-10 סגור!!!,Magnum Meitsad B settlement ,,,0,0
71,727|72|7,1.727071.534,הנטר מיצד 31-677-66,Hunter Meitsad B settlement,,,32000,47074.78
71,727|72|7,1.727071.535,הנטר פ.קדם(מצד ב)3164866,Hunter Pnei Kedem settlement (B side) ,,,32000,29492.53
72,727|72|7,1.727072.533,מגנ.משומש אלעזר 5494236,Used Magnum Elazar settlement,,,0,0
72,727|72|7,1.727072.534,הנטר אלעזר 31-676-66,Hunter Elazar settlement,,,43000,67426.49
73,727|72|7,1.727073.532,מגנ.קידר 80-823-24 מתקו,Magnum Keidar settlement (from Tkoa?),,,0,0
73,727|72|7,1.727073.533,הנטר קידר 31-650-66,Hunter Keidar settlement,,,33000,53374.34
74,727|72|7,1.727074.531,מגנום קידר ב' 80-829-24,Magnum Keidar B settlement,,,0,0
74,727|72|7,1.727074.532,דימקס קידר ב' 55-628-70,D-Max Keidar B settlement,,,22000,34897.2
7277,727|72|7,1.727700.431,אחזקת תאורת בטחון,Security lighting maintenance,,,412000,420714.54
7277,727|72|7,1.727700.432,אחזקת תאורה בק'מ,Lighting maintenance (Army defense regulations),,,205000,209043.2
7277,727|72|7,1.727700.720,אחזקת מערכות כריזה,Public address system maintenance,,,7000,3769.78
7277,727|72|7,1.727700.721,סוללות למכשירי קשר,Radio system batteries,,,20000,13980.75
7277,727|72|7,1.727700.750,אחזקת גדרות,Fence maintenance,,,126000,60455.03
7277,727|72|7,1.727700.751,ריסוסים,Spraying,,,59000,83628
7277,727|72|7,1.727700.752,אחזקת קיפודים,"Maintenance of the ""Kipod"" burglar prevention system ",,,0,0
7277,727|72|7,1.727700.753,אחזקת עמדות שמירה,Maintenance of guard posts,,,6000,25743
7277,727|72|7,1.727700.754,אחזקת כבישי בטחון,Maintenance of secrurity roads,,,104000,73080
7277,727|72|7,1.727700.755,אחזקת שערים בישובים,Maintenance of settlement gates,,,60000,40467.01
7277,727|72|7,1.727700.756,עבודות חשמל-גידור ושערי,Electrical work - fencing and gates,,,40000,41540
7277,727|72|7,1.727700.757,אחזקת מחסני נשק,Maintenance of weapon warehouses,,,24000,30267.46
7277,727|72|7,1.727700.758,אחזקת מערכת העברת הודעות,Maintenance of message relay system,,,0,0
7277,727|72|7,1.727700.781,ועדים- מ ר כ י ב י בטחו,Committees - security elements,,,180000,181990
731,,1.731000.110,שכר-מחל.מהנדס המועצה,Salary - council engineering department,,,1600000,1629842.33
731,,1.731000.534,מזדה מתכנן 50-645-27,Mazda 50-645-27 for planner,,,0,0
731,,1.731000.535,מזדה 5064227 מהנדסת,Mazda 50-642-27 for engineer,,,0,0
731,,1.731000.538,מזד3. מהנדס 8765059 /08,Mazda 87-650-59 for engineer (08),,,35000,35250
731,,1.731000.539,מז3. הנדסה 4875114 LT 2,Mazda 48-751-14 engineering,,,0,966
731,,1.731000.550,הוצ.פרסום-מהנדס,Publicity expenses - engineer,,,10000,25305
731,,1.731000.560,הוצ.משרד-מהנדס,Office expensed - engineer,,,15000,15587.82
731,,1.731000.740,הוצ' רישוי ותב'ע-קומפלו,Licensing and urban planning expenses - Comflow ,,,35000,29533.71
731,,1.731000.750,הוצ' העתקות וצילומים,Photocopying expenses,,,40000,75995.4
731,,1.731000.751,עבודות קבלניות-מח'מהנדס,Contractor works - engineering department,,,0,7512
731,,1.731000.752,תביעות ועב.הריסה-מח'מהנדס,Claims and demolitions - engineering department,,,100000,41760
01,731|73|7,1.731001.530,לוגן מפקחת 26-010-79 מ-1/12,Renault Logan 26-010-79 - inspector from 1/12,,,0,0
01,731|73|7,1.731001.531,מזד3 ע.מהנד8752159. /08,Mazda 3 8752159  08/ - engineer assistant,,,0,0
01,731|73|7,1.731001.532,מזד.מהנדסת 6127627 7/08,Mazda 6127627 7/08 - engineer,,,0,0
01,731|73|7,1.731001.533,פרטנ.ע.מהנד3133661. /08,Peugeot Partner 3133661. /08 - engineer assistant,,,40000,73244.82
01,731|73|7,1.731001.534,מז3. הנדסה 7909362 2/09,Mazda 3 7909362 2/09 - engineering,,,40000,48790.02
01,731|73|7,1.731001.535,מז3 מהנדסת 7917162 2/09,Mazda 3 7917162 2/09- engineer ,,,35000,27365.68
01,731|73|7,1.731001.536,מזד3 מתכנן 7914062 2/09 TL,Mazda 3 7914062 2/09 - planner,,,0,0
01,731|73|7,1.731001.537,אוקטב.מפקחת2726910 11/09,Skoda Octavia 2726910 11/09 - inspector,,,0,0
01,731|73|7,1.731001.538,מזד.3 רש.בניה 5207165 מ-11/12,Mazda 3 5207165 11/12  - building,,,30000,54487.13
01,731|73|7,1.731001.539,מזד.3 מפקחת 53-183-65 9/10,Mazda 2 53-183-65 9/10,,,35000,39112.72
02,731|73|7,1.731002.530,לוגן מתכנן 54-311-69 מ-11/12,Renault Logan  54-311-69 11/12 - programmer,,,0,0
732,,1.732000.930,רכישת ציוד תכנון,Procurement of planning equipement,,,50000,54293
732,,1.732000.950,הוצאות תכנון,Planning expenses,,,300000,315062.29
741,,1.741000.110,שכר-קניות ומחסן,Salaries - purchasing and warehouse ,,,230000,240050.27
741,,1.741000.540,טלפונים-מחסנים,Telephones - warehouses,,,5000,2048.13
741,,1.741000.720,חמרים למחסן,Materials for warehouse,,,15000,1615
741,,1.741000.730,רכב מחסן 47-244-23,Wareshouse vehicle,,,35000,43893.39
741,,1.741000.930,רכישת ציוד יסודי-מחסן,Procurement of basic equipment - warehouse,,,10000,0
742,,1.742000.110,שכר-מחלקה טכנית,Salaries - technical department,,,560000,572469.35
742,,1.742000.537,מגנ95-839-10. חשמל (נוק,Magnum electricity team 95-839-10,,,0,0
742,,1.742000.720,חמרים למחלקה הטכנית-חשמ,Material for the technical department - electricity team,,,10000,15106.04
742,,1.742000.732,איסוזו חשמל 97-013-19,Isuzu electricity team,,,0,0
742,,1.742000.733,סיירה מנוף 31-937-15,GMC Sierra pickup truck w/crane,,,70000,97583.14
742,,1.742000.735,ויטו תחזוקה 84-915-20,Vito van maintenance team,,,0,0
742,,1.742000.737,מגנום מ'טכנית 33-730-35,Magnum technical department,,,0,0
742,,1.742000.738,רכב חשמלאים 79-593-51 מ-12/9/10,Electricians vehicle,,,60000,76673.2
742,,1.742000.739,סוואנה תחזוקה 12-499-61,Savana van maintenance team,,,50000,72123.59
742,,1.742000.740,כלים וציוד טכנית-תחזוקה,Tools and equipment - technical/maintenance team,,,40000,34496.95
742,,1.742000.741,גרור כללי 92-030-57 פטר,General tow (Peter),,,1000,1180.97
742,,1.742000.750,אחזקת כבישים(גרעון תב'ר,Road maintenance (one-time budget deficit)  ,,,50000,61973.2
742,,1.742000.751,עבודות קבלניות-מח'טכנית,Contractor projects - technical department,,,60000,73557
742,,1.742000.781,ועדים-תחזוקה,Committees - maintenance,,,180000,181990
01,742|74|7,1.742001.730,דימקס חשמלאים 13-869-61,D-Max electricians,,,0,0
01,742|74|7,1.742001.731,דודג' מנוף 58-908-13 חשמל חדש,New Dodge crane - electricity team,,,0,0
743,,1.743000.430,תחזוקת סככה וצומת ג'ע,Maintenance of shed and Gush Etzion intersection,,,20000,3087.94
743,,1.743000.750,תאורת צמתים ורחובות,Street lighting intersections and streets,,,150000,144749.84
743,,1.743000.781,ועדים-תאורת רחובות,Committees - street lighting,,,180000,181990
746,,1.746000.750,עבודות קבלניות גינון,Gardening contractor projects,,,170000,151769
746,,1.746000.780,הוצאות שונות גינון,Gardening misc expenses,,,0,0
746,,1.746000.781,ועדים-גינון,Committees - gardening,,,180000,181990
752,75|7,1.752000.750,עב.קבלניות-חגיגות,Contractor projects - celebrations,,,0,4350
765,,1.765000.810,השתתפות במופ'ת יהודה,Judea Technology Incubator payments,,,15000,19500
766,,1.766000.781,השתתפות לועדים-כללי,Payments to committees - general,,,780000,1373946
766,,1.766000.782,השת.באחזקת שכונות,Payments towards neighborhood maintenance,,,300000,341792.83
767,,1.767000.440,ביטוח רכוש המועצה,Insurance for Council property,,,360000,322216
791,79|7,1.791000.750,ועדה חקלאית-הוצ.קבלניות,Agriculture committee - contractor expenses,,,0,0
794,79|7,1.794000.830,השתתפות במו'פ ההר,"Payments to the Agricultural Research & Developement Central Mountain Region (""Mop HaHar"")",,,0,0
811,,1.811000.110,שכר-מינהל מחלקת החינוך,Salary - education department administration,,,725000,762178.43
811,,1.811000.534,מזד3 מנ.חנוך 8752159 מ8,Mazda 3 - education administration,,,40000,43518.62
811,,1.811000.535,לוגן 54-654-69 מנ.חנוך מ-9/11 ליסינג,Renault Logan lease - education administration from 9/11,,,0,43543.78
811,,1.811000.536,לוגן 74-261-72 מנ.חנוך מ-2/13,Renault Logan -education administration 2/13,,,0,0
811,,1.811000.580,הוצ.ארגוניות-חנוך,Organizational expenses - education,,,80000,128521.47
811,,1.811000.710,הסעת גננות ומורים,Transportation for kindergarten and school teachers,,,1700000,1650578.35
811,,1.811000.751,הוצאות תקשוב לאומי,National ICT in education program - expenses ,,,0,0
811,,1.811000.810,השת.בשכ'ל לילדי חוץ,Payments for tuition - external students (who do not live in Gush Etzion),,,2400000,1867226.1
811,,1.811000.811,השתתפות באורות עציון,"Payments for ""Orot Etzion"" college",,,220000,236742
811,,1.811000.813,השתתפות במפעל הזנה לאומ,Payments for national feeding project,,,800000,716249.53
811,,1.811000.814,"השתתפות בבי""ס אוריה כולל א.חוץ","Payments for ""Uria"" high school for orthodox girls",,,120000,125000
811,,1.811000.815,"השתתפות ביב""ע אורות יהודה","Payments for Bnei Akiva Yeshiva ""Orot Yehuda"" ",,,0,0
01,8122|812|81|8,1.812201.110,שכר מינהל גנים,Salaries - preschool administration,,,247000,267386.1
01,8122|812|81|8,1.812201.111,שכר גננות שי'ח,Salaries - preschool special education teachers,,,0,0
01,8122|812|81|8,1.812201.533,מזד3. גנים 6547714 מ/08,Mazda 3 - preschools,,,30000,47159.89
01,8122|812|81|8,1.812201.580,השתלמויות גנים,Continuing education preschool staff,,,45000,46736.8
01,8122|812|81|8,1.812201.581,מרפ'ד גנים,Preschool didactic pedagogical support systems in kindergartens,,,7000,9660
01,8122|812|81|8,1.812201.780,סל תרבות גנים,Cultural activites kindergartens ,,,90000,84786.02
02,8122|812|81|8,1.812202.110,שכר גן מדעי,Salaries - preschool science enrichment program,,,63000,65215.81
02,8122|812|81|8,1.812202.750,פעולות גן מדעי,Preschool science enrichment progam activities,,,30000,37685.8
10,8122|812|81|8,1.812210.110,שכר-עוזרות גננות,Salaries - preschool teaching assistants,,,5140000,5160205.84
10,8122|812|81|8,1.812210.112,שכר סיעות טיפוליות גנים,Salaries - preschool special education assistants,,,67000,69294.79
10,8122|812|81|8,1.812210.420,תחזוקת גנים,Preschools- maintenance,,,130000,159541.4
10,8122|812|81|8,1.812210.430,"חשמל,מים,חימום,נקיון","Preschools - electricity, water, heating, cleaning",,,360000,377500.4
10,8122|812|81|8,1.812210.540,טלפונים-גנים,Preschools - telephones,,,50000,46607.45
10,8122|812|81|8,1.812210.710,הסעת עובדות-גנים,Preschools - employee transportation,,,140000,123271
10,8122|812|81|8,1.812210.720,חמרים לגנים,Preschools - materials,,,160000,166527.09
10,8122|812|81|8,1.812210.740,כלים וציוד-גנים,Preschools - tools and equipment,,,20000,27690.2
10,8122|812|81|8,1.812210.750,עו'ג ישובים שיתופיים,,,,0,0
10,8122|812|81|8,1.812210.751,החזקת בנות שרות,National service girls,,,10000,12744
10,8122|812|81|8,1.812210.810,השתתפות בשכר סייעות גנים שונים,Share of salary payments for assistants in various preschools ,,,0,0
10,8122|812|81|8,1.812210.930,ציוד יסודי-גנים ויוח'א,Basic equipment - preschools and extended day programs,,,10000,56267.8
10,8123|812|81|8,1.812310.810,שכר-גננות עוב.מדינה,Salaries - State employed preschool teachers,,,6200000,6213625.83
10,8123|812|81|8,1.812310.811,שכר-גננות נוספות מ2007-,Salaries - preschool teachers from 2007,,,150000,110121
10,8123|812|81|8,1.812410.810,השתתפות בהפעלת מעונות,Payments for daycare centers,,,5150000,4828250
11,8132|812|81|8,1.813211.110,"שכר-שרתים,מזכיר.אלוש","Salaries - janitors, secretary Alon Shvut settlement elementary school",,,475000,439159.73
11,8132|812|81|8,1.813211.111,שכר-חנוך משלים-אלו'ש,Salaries - supplemental education Alon Shvut settlement elementary school,,,1805000,1250533
11,8132|812|81|8,1.813211.112,שכר סייעות כיתתיות-אלוש,Salaries - class assistants Alon Shvut settlement,,,940000,835273.67
11,8132|812|81|8,1.813211.113,"שכר-שרתים עובדי שטחים-אלו""ש",Salaries - janitors and area employees Alon Shvut settlement elementary school,,,77000,55757.03
11,8132|812|81|8,1.813211.420,תחזוקה+בטוח-ביס אלוש,School maintenance and Insurance Alon Shvut settlement elementary school,,,150000,101358.94
11,8132|812|81|8,1.813211.430,"חשמל,מים,חמום,נקיון-אלו","Alon Shvut elementary school electricity, water, heating & cleaning",,,180000,125587.42
11,8132|812|81|8,1.813211.470,ציוד משרדי-אלו'ש,Office supplies Alon Shvut settlement  elementary school,,,70000,68869.99
11,8132|812|81|8,1.813211.540,הוצאות תקשורת-אלו'ש,School telecom expenses Alon Shvut settlement,,,30000,23758.15
11,8132|812|81|8,1.813211.570,מיכון ותוכנה-אלו'ש,School computers and software Alon Shvut settlement,,,40000,62289.98
11,8132|812|81|8,1.813211.580,השתלמויות ושונ.אלו'ש,Staff continuing education and misc. Alon Shvut elementrary school,,,5000,9774.22
11,8132|812|81|8,1.813211.740,"כלים,מכשי.וציוד-אלוש",Tools and equipment Alon Shvut elementary school,,,30000,54050.5
11,8132|812|81|8,1.813211.741,ספרים ועיתונים-אלו'ש,Books and newspapers Alon Shvut elementary school,,,180000,97175.97
11,8132|812|81|8,1.813211.742,כלים וציוד-ח.מיוחד-אלו',Special education tools and equipment Alon Shvut elementary school,,,10000,21209.25
11,8132|812|81|8,1.813211.750,קבלניות תרבות-אלו'ש,Culture contractors Alon Shvut elementary school,,,91000,90962
11,8132|812|81|8,1.813211.751,קבלן נקיון-בי'ס אלו'ש,Cleaning contractor Alon Shvut elementary school,,,355000,307289.22
11,8132|812|81|8,1.813211.752,קבלניות אחרות-בי'ס אלו',Misc contractors Alon Shvut elementary school,,,133000,130331
11,8132|812|81|8,1.813211.780,טיולים-בי'ס אלו'ש,School trips Alon Shvut elementary school,,,94000,358977
11,8132|812|81|8,1.813211.781,בריכה-בי'ס אלו'ש,Swimming pool Alon Shvut elementary school,,,0,2926
11,8132|812|81|8,1.813211.782,שירותים מרצון-בי'ס אלו'ש,Voluntary services Alon Shvut elementary school,,,0,0
12,8132|812|81|8,1.813212.110,שכר-שרתי.מזכיר.ממד 2 ג',"Salary - janitor, secretary regional state religious school 2 ",,,340000,322433.96
12,8132|812|81|8,1.813212.111,שכר-חנוך משלים-ממד 2 ג',Salary - supplemental education regional state religious school 2 ,,,976000,1061482.54
12,8132|812|81|8,1.813212.112,שכר-סיע.כתתיות-ממד 2 ג',Salary - class teaching assistants regional state religious school 2 ,,,970000,1109045.18
12,8132|812|81|8,1.813212.420,תחזוקה+בטוח-ממד 2 ג'צ,Maintenance and insurance regional state religious school 2 ,,,75000,117402.44
12,8132|812|81|8,1.813212.430,"חשמל,מים,חמום,נקיון-ג'צ","Electricity, water, heating and cleaning regional state religious school 2 ",,,140000,109083.73
12,8132|812|81|8,1.813212.470,ציוד משרדי-ממד 2 ג'צ,Office supplies regional state religious school 2 ,,,40000,46522.8
12,8132|812|81|8,1.813212.540,הוצאות תקשורת-ממד 2 ג'צ,School telecom expenses regional state religious school 2 ,,,15000,19140.71
12,8132|812|81|8,1.813212.570,מיכון ותוכנה-ממד 2 ג'צ,School computers and software regional state religious school 2 ,,,30000,34178.95
12,8132|812|81|8,1.813212.580,השתלמויות ושונ.ממד 2 ג',Staff continuting education & misc. regional state religious school 2 ,,,5000,5118
12,8132|812|81|8,1.813212.740,"כלים,מכשירים וציוד-ג'צ",Tools and equipment regional state religious school 2 ,,,40000,131785.62
12,8132|812|81|8,1.813212.741,ספרים ועיתונים-ממד 2 ג',Books and newspapers regional state religious school 2 ,,,159000,150983.81
12,8132|812|81|8,1.813212.742,כלים וציוד-ח.מיוחד-ג'צ,Special education tools and equipment regional state religious school 2 ,,,30000,32278.3
12,8132|812|81|8,1.813212.750,קבלניות תרבות-ממד 2 ג'צ,Culture contractors regional state religious school 2 ,,,57000,52089
12,8132|812|81|8,1.813212.751,קבלן נקיון-ממד 2 ג'צ,Cleaning contractor regional state religious school 2 ,,,300000,291721.44
12,8132|812|81|8,1.813212.752,קבלניות אחרות-ממ'ד 2 ג',Misc contractors regional state religious school 2 ,,,0,10794
12,8132|812|81|8,1.813212.780,טיולים-ממד 2 גבעה צהובה,School trips regional state religious school 2 ,,,47000,140551
12,8132|812|81|8,1.813212.782,"שירותים מרצון-ממד 2 ג""צ",Voluntary servicesregional state religious school 2 ,,,0,0
13,8132|812|81|8,1.813213.110,שכר מזכירות-ב'ס ראשית,Salary - secretaries Reysheet school,,,145000,150212.93
13,8132|812|81|8,1.813213.112,שכר-סיעות-בי'ס ראשית,Salary - teaching assistants Reysheet school,,,0,0
13,8132|812|81|8,1.813213.410,שכ'ד+שונ.ר'צ-ב'ס ראשית,Rent & misc. Reysheet school,,,290000,289282
13,8132|812|81|8,1.813213.420,תחזוקה+בטוח-ב'ס ראשית,Maintenance and insurance Reysheet school,,,30000,34325.7
13,8132|812|81|8,1.813213.430,"חשמל,מים,חמ.נקיון-ראשית","Electricity, water, heating and cleaning Reysheet school",,,90000,117493.3
13,8132|812|81|8,1.813213.470,ציוד משרדי-בי'ס ראשית,Office supplies Reysheet school,,,40000,35915.66
13,8132|812|81|8,1.813213.540,הוצ.תקשורת-ב'ס ראשית,School telecom expenses Reysheet school,,,20000,15005.17
13,8132|812|81|8,1.813213.570,מיכון ותוכנה-ב'ס ראשית,School computers and software Reysheet school,,,10000,8082.71
13,8132|812|81|8,1.813213.580,השתלמויות ושונות-ראשית,Staff continuting education & misc. Reysheet school,,,10000,1607.98
13,8132|812|81|8,1.813213.740,"כלים,מכשירים וציוד-ראשי",Tools and equipment Reysheet school,,,30000,24015
13,8132|812|81|8,1.813213.750,קבלן אחזקה-ב'ס ראשית, Maintenance contractors Reysheet school,,,250000,321242.04
13,8132|812|81|8,1.813213.751,קבלניות ושונות-ב'ס ראשי,Misc contractors Reysheet school,,,100000,13228.97
13,8132|812|81|8,1.813213.752,סייעות ב'ס ראשית-מתש'ע,Teaching assistants Reysheet school from 2009,,,840000,916719.77
13,8132|812|81|8,1.813213.780,הזנה ושונות לחנוך מיוחד-ראשית,Special education feeding plan & misc Reysheet school,,,20000,10105.59
14,8132|812|81|8,1.813214.110,"שכר-שרתים,מזכיר.תקוע","Salary - janitor, secretary Tkoa elementary school",,,186000,185558.3
14,8132|812|81|8,1.813214.111,שכר-חנוך משלים-תקוע,Supplemental education  Tkoa elementary school,,,400000,270636.88
14,8132|812|81|8,1.813214.112,שכר סייעות טיפוליות-תקו,Salary - therapy assistants  Tkoa elementary school,,,180000,235132.19
14,8132|812|81|8,1.813214.420,תחזוקה+בטוח-ביס תקוע,Maintenance & insurance  Tkoa elementary school,,,25000,38841.44
14,8132|812|81|8,1.813214.430,"חשמל,מים-תקוע",Electricity & water  Tkoa elementary school,,,40000,51064.89
14,8132|812|81|8,1.813214.431,אגרת ביוב בי'ס תקוע,Sewage fee  Tkoa elementary school,,,0,0
14,8132|812|81|8,1.813214.432,נקיון בי'ס תקוע,Cleaning  Tkoa elementary school,,,0,84320
14,8132|812|81|8,1.813214.470,ציוד משרדי-תקוע,Office supplies  Tkoa elementary school,,,10000,17981.02
14,8132|812|81|8,1.813214.540,הוצאות תקשורת-תקוע,Telecom expenses  Tkoa elementary school,,,10000,6339.31
14,8132|812|81|8,1.813214.570,מיכון ותוכנה-תקוע,Computers & software  Tkoa elementary school,,,10000,29174.82
14,8132|812|81|8,1.813214.580,השתלמויות ושונ.תקוע,Staff continuing education and misc. Tkoa elementary school,,,5000,697.3
14,8132|812|81|8,1.813214.740,"כלים,מכשי.וציוד-תקוע",Tools & equipment  Tkoa elementary school,,,10000,18803.8
14,8132|812|81|8,1.813214.741,ספרים ועיתונים-תקוע,Books & newspapers  Tkoa elementary school,,,56000,53999.01
14,8132|812|81|8,1.813214.750,קבלניות ותרבות-תקוע,Culture contractors  Tkoa elementary school,,,25000,11541.88
14,8132|812|81|8,1.813214.780,טיולים-בי'ס תקוע,School trips  Tkoa elementary school,,,20000,118410
14,8132|812|81|8,1.813214.782,שירותים מרצון-בי'ס תקוע,Voluntrary services  Tkoa elementary school,,,0,0
15,8132|812|81|8,1.813215.110,"שכר-שרתים,מזכיר.אזורי בנות","Salary - janitor, secretary Girl's regional school",,,0,60292.22
15,8132|812|81|8,1.813215.111,שכר-חנוך משלים-אזורי בנות,Salary - supplemental education Girl's regional school,,,0,230223.78
15,8132|812|81|8,1.813215.112,שכר סייעות שונות-אזורי בנות,Salary - misc assistants Girl's regional school,,,0,70904.11
15,8132|812|81|8,1.813215.113,שכר-שרתים עובדי שטחים-אזורי בנות,Salary - janitors & ground employees Girl's regional school,,,0,24526.52
15,8132|812|81|8,1.813215.420,תחזוקה+בטוח-אזורי בנות,Maintenance & insurance Girl's regional school,,,0,10735.5
15,8132|812|81|8,1.813215.430,"חשמל,מים,חמום,נק.אזורי בנות","Electricity, water, heating & cleaning Girl's regional school",,,0,26290.58
15,8132|812|81|8,1.813215.470,ציוד משרדי-אזורי בנות,Office supplies Girl's regional school,,,0,15365.5
15,8132|812|81|8,1.813215.540,הוצאות תקשורת-אזורי בנות,Telecom expenses Girl's regional school,,,0,10480.74
15,8132|812|81|8,1.813215.570,מיכון ותוכנה-אזורי בנות,Computers & software Girl's regional school,,,0,8562
15,8132|812|81|8,1.813215.580,השתלמויות ושונות-אזורי בנות,Staff continuing education and misc. Girl's regional school,,,0,3267.13
15,8132|812|81|8,1.813215.740,"כלים,מכשירים וציוד-אזורי בנות",Tools & equipment Girl's regional school,,,0,34623.71
15,8132|812|81|8,1.813215.741,ספרים ועיתונים-אזורי בנות,Books & newspapers  Girl's regional school,,,0,98741.57
15,8132|812|81|8,1.813215.742,כלים וציוד-ח.מיוחד-אזורי בנות,Special education tools& equipment Girl's regional school,,,0,2679.5
15,8132|812|81|8,1.813215.750,קבלניות ותרבות-אזורי בנות,"Culture contractors  Girl's regional school

 ",,,0,42873.5
15,8132|812|81|8,1.813215.751,קבלן נקיון-אזורי בנות,Cleaning contractor Girl's regional school,,,0,43898.46
15,8132|812|81|8,1.813215.752,קבלניות אחרות-אזורי בנות,Misc contractors Girl's regional school,,,0,25800
15,8132|812|81|8,1.813215.780,טיולים-אזורי בנות,School trips Girl's regional school,,,0,39043
15,8132|812|81|8,1.813215.781,בריכה-אזורי בנות,Swimming pool Girl's regional school,,,0,0
15,8132|812|81|8,1.813215.782,שירותים מרצון-אזורי בנות,Voluntary services Girl's regional school,,,0,0
20,8132|812|81|8,1.813220.112,שכר-סייעות בי'ס שונים,Salary - teaching assistants various schools,,,80000,24349.94
20,8132|812|81|8,1.813220.540,הוצאות תקשורת-בי'ס,Telecom expenses - schools,,,0,0
20,8132|812|81|8,1.813220.810,סייעות-ביס שונים-כת.וטפ,Teaching assistants various schools,,,153000,209758.46
20,8132|812|81|8,1.813220.930,ציוד יסודי בתי-ספר,Elementary school equipment,,,30000,2240.44
21,8132|812|81|8,1.813221.110,"שכר שרתים,מזכירות-מ.עמו","Salary - janitor, secretary Maale Amos elementary school",,,160000,175676.77
21,8132|812|81|8,1.813221.111,שכר-חינוך משלים-מ.עמוס,Salary - supplemental education Maale Amos elementary school,,,95000,112636.48
21,8132|812|81|8,1.813221.420,תחזוקה-בי'ס מעלה עמוס, Maintenance  Maale Amos elementary school,,,60000,65664.64
21,8132|812|81|8,1.813221.430,"חשמל,מים,חמום,נקי.מ.עמו","Electricity, water, heating & cleaning  Maale Amos elementary school",,,30000,27919
21,8132|812|81|8,1.813221.470,ציוד משרדי מתכלה-מ.עמוס,Perishable office equipment Maale Amos elementary school,,,15000,21634.87
21,8132|812|81|8,1.813221.540,הוצאות תקשורת-ביס מ.עמו,Telecom expenses Maale Amos elementary school,,,6000,5915.07
21,8132|812|81|8,1.813221.570,מיכון ותוכנה-בי'ס מ.עמו,Computers & software Maale Amos elementary school,,,5000,6130
21,8132|812|81|8,1.813221.740,"כלים,מכש,ציוד-ביס מ.עמו", Tools & equipment Maale Amos elementary school,,,15000,12589
21,8132|812|81|8,1.813221.741,ספרים ועתונים-ביס מ.עמו,Books & newspapers Maale Amos elementary school,,,2000,1907
21,8132|812|81|8,1.813221.780,טיולים ושונות-ביס מ.עמו,School trips & misc Maale Amos elementary school,,,10000,6112
22,8132|812|81|8,1.813222.814,השת.הוצאות שוטפות-ת'ת ב,Payments for routine expenses Talmud Tora B,,,225000,264399
8134,813|81|8,1.813400.410,"הוצ.שכר דירה-בי""ס אפיקים למחוננים",Rent expenses Afikim school for the gifted,,,1000,0
8134,813|81|8,1.813400.750,"הוצ.קבלניות-בי""ס אפיקים למחוננים",Contractor expenses Afikim school for the gifted,,,1000,86403.4
8134,813|81|8,1.813400.780,"הוצ.שונות-בי""ס אפיקים למחוננים",Misc. expenses Afikim school for the gifted,,,2000,6508.4
8171,,1.817100.110,שכר-קב'ט חינוך,Salary - education security officer,,,125000,118801
8171,,1.817100.531,קנגו קבט חינוך 1-119-50,Congo for education security officer,,,0,0
8171,,1.817100.532,אוקטב.קבט חנוך2727010מ11/09,Skoda Octavia for education security officer from 11/09,,,0,31
8171,,1.817100.533,פרטנר49-016-65 קבט חנוך10/10,Partner for education security officer from 10/10,,,30000,41142.53
8171,,1.817100.750,שמירת מוסדות חנוך,Security of educational institutions,,,1400000,1441562.71
8173,,1.817300.110,שכר-פסיכולוג,Salary - psychologist,,,650000,639873.21
8173,,1.817300.530,"מזדה 3 92-684-64 מנהלת שפ""י",Mazda 3 - psychological counceling services ,,,30000,30292.57
8173,,1.817300.750,עב.קבלניות-פסיכולוג,Contractor projects - psychologist,,,60000,32317
8173,,1.817300.780,הוצ.שונות-פסיכולוג,Misc expenses - psychologys,,,90000,91567.44
8174,817|81|8,1.817400.750,בריאות השן-הוצאות קבלניות,Dental hygene - contractor expenses,,,0,14540
8174,817|81|8,1.817400.780,בריאות השן-הוצאות שונות,Dental hygene - misc expenses,,,0,10080.86
8175,,1.817500.440,בטוח תלמידי מוס.חנוך,Insurance students in educational institutions,,,105000,114976
8177,,1.817700.110,שכר קב'ס,Salary - school dropout prevention officer,,,290000,308218.2
8177,,1.817700.112,שכר שעות שיקומיות קב'ס,Salary - hourly rehabilitation school dropout prevention officer,,,8000,1442.35
8177,,1.817700.780,הוצאות שונות-קב'ס,Misc expenses - school dropout prevention officer,,,167000,114395
8177,,1.817700.810,הע'מ.חנוך-קדום נוער-מתנ,Case manager - advancement of youth,,,170000,58162
8178,,1.817800.710,הוצ.הסעות תלמידים,Student transportation expenses,,,23000000,23044990.42
01,8178|817|81|8,1.817801.710,זיכוי הסעות שנים קודמות,Credit student transportation from previous years,,,2000000,2100000
822,,1.822000.810,העברות מ.חינוך-למתנס,Ministry of Education transfers to culture and sports center,,,380000,381341
822,,1.822000.811,העברות מ.תרבות-למתנס,Ministry of Culture and Sport transfers to culture and sports center,,,0,0
824,,1.824000.810,השתתפות בחוגים-מתנס,Payments for activities - culture and sports center,,,360000,437170
827,,1.827000.810,השת.בתרב.תורנית-מתנס,Payments for Tora culture activities - culture and sports center,,,60000,63000
828,,1.828000.810,השת.בפעולות נער-מתנס,Payments for youth activities - culture and sports center,,,900000,849590
8289,,1.829000.810,השת.בספורט-מתנס,Payments for sports - culture and sports center,,,190000,189000
822,,1.822000.820,השתתפות-תרבות ישובים,Payments for cultural activities settlements,,,66000,66996
823,,1.823000.110,שכר-ספרנית אזורית,Salary - regional librarian,,,112000,110060.55
823,,1.823000.810,השת.בספריה אזורית,Payments for regional library,,,220000,281792.23
8323,,1.832300.110,שכר-מרפאת שיניים,Salaries - dental clinic,,,330000,210234.5
8323,,1.832300.430,"חשמל,מים-מ.שיניים",Electricity & water dental clinic,,,5000,1771.84
8323,,1.832300.540,טלפון-מ.שיניים,Telephone - dental clinic,,,3000,955.62
8323,,1.832300.720,חמרים וציוד-מ.שיניים,Materials & equipment - dental clinic,,,60000,31226
8323,,1.832300.740,ציוד קבוע ומבנה-מ.שיניי,Permanent equipment and building - dental clinic,,,0,719
835,83|8,1.835000.740,השת.במכון להתפתחות-אפרת,Payments for Efrat Develpoment Center,,,0,0
836,,1.836000.730,החזקת אמבולנסים,Ambulance maintenance,,,150000,178883.97
836,,1.836000.780,השתלמויות-נהגי אמב.,Ambulance drivers continuing education,,,10000,10088.71
841,,1.841000.110,שכר-עובדי לשכות,Salaries - welfare department employees ,,,1380000,1389110.82
841,,1.841000.531,כריזמה רווחה 5696236 מ7,Mitsubishi Charisma - welfare department,,,0,0
841,,1.841000.532,מזד3 רווחה 7913862 2/09,Mazda 3 - welfare department,,,30000,27299.65
841,,1.841000.840,הוצ.ארגוניות ומנהליות,Welfare department organizational & administrative expenses,,,0,16742.98
01,8422|842|84|8,1.842201.840,מקלטים לנשים מוכות-הוצ.,Shelters for battered women - expenses,,,0,0
02,8422|842|84|8,1.842202.840,משפחות במצוקה בקהילה-הו,Families in distress in the communittees - expenses,,,50000,74192
04,8422|842|84|8,1.842204.840,סיוע למשפח.עם ילדי א-הו,Assistance to families with children ,,,48000,56294
07,8422|842|84|8,1.842207.840,סיוע חד פעמי לחימום-הוצ,One-time assistance with heating - expenses,,,0,0
8424,,1.842400.840,מרכזי טיפול באלימות-הוצ.,Centers for treatment of violence - expenses,,,0,8505
01,8424|842|84|8,1.842401.840,טיפול בפרט ובמשפחה-הוצ.,Individual and family therapy - expenses,,,0,0
8435,,1.843500.840,פעולות קהילתיות-הוצ.ישן,Community actions - old expenses,,,0,0
01,8435|843|84|8,1.843501.840,טיפול במשפחות אומנה-הוצ,Therapy for foster families - expenses,,,80000,102852
02,8435|843|84|8,1.843502.840,טיפול בילד בקהילה-הוצ.,Threating children in the community - expenses,,,530000,533321.4
03,8435|843|84|8,1.843503.840,יצירת קשר הורים ילדים-ה,Creating parent-child bonds - expenses,,,10000,19370
04,8435|843|84|8,1.843504.840,טפול בילדים בסיכון-הוצ.,Threating children at risk - expenses,,,16000,45491
05,8435|843|84|8,1.843505.840,טפול בפגיעות מיניות-הוצ,Treatment of sexual assults - expenses,,,90000,100920
06,8435|843|84|8,1.843506.840,בדיקות פסיכולוגיות-הוצ.,Psychological testing - expenses,,,0,13200
07,8435|843|84|8,1.843507.840,מרכזי הורים - ילדים-הוצאות,Parent-child centers - expenses,,,0,0
01,8438|843|84|8,1.843801.840,אחזקת ילדים בפנימיות-הו,Children in boarding facilities - expenses,,,805000,811641
02,8438|843|84|8,1.843802.840,תכנית עם הפנים לקהיל.הו,Facing the Community progam - expenses,,,190000,236137
8439,,1.843900.840,ילדים במעונות יום-הוצ.,Children in daycare centers - expenses,,,276000,299227
01,8443|844|84|8,1.844301.840,אחזקת זקנים במעונות-הוצ,Elderly in daycare centers,,,146000,150862
02,8443|844|84|8,1.844302.840,נופשון לזקן-הוצ.,Elderly respite care,,,4000,18636
01,8444|844|84|8,1.844401.840,מועדונים לזקנים-הוצ.(תקצוב משרד),Clubs for the elderly - expenses (office budgeting),,,203000,76996
01,8444|844|84|8,1.844401.841,מועדונים לזקנים-הוצ.רשות,Clubs for the elderly - expenses (council),,,0,0
02,8444|844|84|8,1.844402.840,טיפול בזקן בקהילה-הוצ.,Treatment of the elderly in the community - expenses,,,25000,18938
03,8444|844|84|8,1.844403.840,מועדונים תוכ.העשרה-הוצ.,Enrichment programs in clubs - expenses,,,30000,1392
04,8444|844|84|8,1.844404.840,חימום לזקנים-הוצ.,Heating for the elderly - expenses,,,0,0
06,8444|844|84|8,1.844406.840,טיפ.שיניים ומכ.לקשיש-הוצאות,Dental care for the elderly - expenses,,,0,7728
07,8444|844|84|8,1.844407.840,שירותים לניצולי שואה-הוצאות,Services for holocaust survivors - expenses,,,0,0
08,8444|844|84|8,1.844408.840,שכונה תומכת-הוצ.רשות נטו,Supportive neighborhood - net council expenses,,,0,0
01,8445|844|84|8,1.844501.840,מועדונים מועשרים-הוצ.,Enriched clubs - expenses,,,120000,121588
01,8451|845|84|8,1.845101.840,סדור מפגרים במוסדות-הוצ,Arrangement of mentally retarded in institutions - expenses,,,1122000,1129073
02,8451|845|84|8,1.845102.840,טפול בהורים ובילדים-הוצ,Treatment of children and parents of mentally retarded in institutions - expenses  ,,,27000,18780
04,8451|845|84|8,1.845104.840,נופשונים וקייטנות-הוצ.,Respite and day camp (mentally retarded in institutions) - expenses,,,3000,498
05,8451|845|84|8,1.845105.840,משפחות אומנה למפגר-הוצאות,Foster families for the mentally retarded - expenses,,,12000,7039
06,8451|845|84|8,1.845106.840,מ.יום שיקומי לאוטיסט-הוצאות,Rehabilitation daycare program for the autistic - expenses,,,0,0
07,8451|845|84|8,1.845107.840,החזקת אוטיסטים במסגרת-הוצאות,Autistic programs - expenses,,,90000,96122
01,8452|845|84|8,1.845201.840,מסגרות יום ארוך-הוצ.,Extended day programs for the mentally retarded - expenses,,,0,0
02,8452|845|84|8,1.845202.840,מפגרים במעון טפולי-הוצ.,Mentally retarded in theraputic daycare - expenses,,,282000,327667
03,8452|845|84|8,1.845203.840,מעשי'ם-הוצ.,Sheltered employment for the mentally retarded - expenses,,,96000,42148
01,8453|845|84|8,1.845301.840,שרותים תומכים למפגר-הוצ,Supportive services for the mentally retarded - expenses,,,10000,15050
02,8453|845|84|8,1.845302.840,נופשונים למפגר-הוצ.,Respite care for the mentally retarded - expenses,,,8000,13462
03,8453|845|84|8,1.845303.840,הסעות למ.יום למפגר-הוצ.,Transportation to daycare centers for the mentally retarded - expenses,,,16000,0
01,8461|846|84|8,1.846101.840,ילדים עוורים במוסדות-הוצאות,Blind children in institutions - expenses,,,48000,39938
01,8463|846|84|8,1.846301.840,דמי לווי לעוור-הוצ.,Accompanyment fee for the blind - expenses,,,0,0
02,8463|846|84|8,1.846302.840,הדרכת עוור ובני ביתו-הו,Training for the blind and family in the home - expenses,,,2000,0
03,8463|846|84|8,1.846303.840,שיקום העיוור בקהילה-הוצ,Rehabilitation for the blind in the community - expenses,,,2000,0
01,8464|846|84|8,1.846401.840,מפעלי שיקום לעוור-הוצאות,Rehabilitation production plants for the blind - expenses,,,0,0
8465,,1.846500.840,אחזקת נכים בפנימיות-הוצ,Physcially disabled in boarding facilities,,,536000,536458
01,8466|846|84|8,1.846601.840,תעסוקה מוגנת למוגבלי.הו,Sheltered employment for the physically disabled,,,41000,31000
02,8466|846|84|8,1.846602.840,מס.יום לילד המוגבל-הוצ.,Daycare facility for physically disabled children - expenses,,,11000,11424
01,8467|846|84|8,1.846701.840,תוכניות לילד החריג-הוצ.,Programs for exceptional children - expenses,,,0,13933
02,8467|846|84|8,1.846702.840,הסעות למ.יום שיקומי לנכים-הוצ.,Transportation to rehabilitation daycare centers for the physically disabled - expenses,,,173000,181123.13
03,8467|846|84|8,1.846703.840,מ.יום שיקומי לנכים-הוצ.,Rehabilitation daycare centers for the physically disabled - expenses,,,194000,197190
04,8467|846|84|8,1.846704.840,ליווי למ.יום שקומי-הוצ.,Accompanyment to rehabilitation daycare centers - expenses,,,48000,45864.07
05,8467|846|84|8,1.846705.840,נופשונים להבראה-הוצאות,Respite care for the physically disabled - expenses,,,30000,15537
06,8467|846|84|8,1.846706.840,חלופה למ.יום שיקומי לנכים-הוצ.,Alternative to rehabilitation daycare centers - expenses,,,0,4369
07,8467|846|84|8,1.846707.840,תעסוקה נתמכת לנכים-הוצאות,Supported employment the for physically disabled - expenses,,,0,0
01,8468|846|84|8,1.846801.840,מרכזי איבחון ושיקום-הוצ,Diagnosis and rehabilitation centers for the physically disabled - expenses,,,2000,24536
02,8468|846|84|8,1.846802.840,שיקום נכים בקהילה-הוצ.,Rehabilitation of the physically disabled in the community - expenses,,,12000,4278
03,8468|846|84|8,1.846803.840,דמי תקשורת לחרשים-הוצ.,Communication fees for the deaf - expenses,,,0,0
04,8468|846|84|8,1.846804.840,מועדונים לעיוור-הוצאות,Clubs for the blind - expenses,,,4000,0
04,8471|846|84|8,1.847104.840,טיפול בנוער ובצעירים-הו,Treatment of youth and adolescents  - expenses,,,12000,22921
05,8471|846|84|8,1.847105.840,טיפול בנערות במצוקה-הוצ,Treatment of young girls in distress  - expenses,,,6000,33550
06,8471|846|84|8,1.847106.840,מקלטים לנערות-הוצ.,Shelters for young girls  - expenses,,,0,17733
02,8473|846|84|8,1.847302.840,טפול באלכוהוליסטים-הוצ.,Treatment of alchololics  - expenses,,,20000,20575
03,8473|846|84|8,1.847303.840,סמים-טיפול בקהילה-הוצ.,Treatment in the community of drug abuse  - expenses,,,0,0
04,8473|846|84|8,1.847304.840,מ.יום לנוער סמים-הוצ.,Daycare center for youth addicted to drugs  - expenses,,,0,0
8474,847|84|8,1.847400.840,מפת'ן מקומי - החזקה-הוצ,Local youth employment factory maintenance expenses,,,0,15248
01,8482|846|84|8,1.848201.840,לכידות חברתית-הוצ.,Social coherence community center - expenses,,,135000,154200
02,8482|846|84|8,1.848202.840,הסעות במועצות אזוריו.הו,Transportation in local councils - expenses,,,60000,50006
01,849|84|8,1.849001.840,משפחות עולים במצוקה-הוצ,Immigrant/olim families in distress - expenses,,,8000,4350
02,849|84|8,1.849002.840,מעונות יום - עולים-הוצ.,Daycare centers for Immigrants/olim,,,26000,19402
03,849|84|8,1.849003.840,ילדים במצוקה - עולים-הו,Immigrant/olim children in distress - expenses,,,12000,4365
04,849|84|8,1.849004.840,טיפול בזקנים - עולים-הו,Treatment of elderly immigrants/olim - expenses,,,2000,9041
06,849|84|8,1.849006.840,טפול בצעירים - עולים-הו,Treatment of youth immigrants/olim  - expenses,,,0,0
851,,1.851000.810,השת.במועצות דתיות,Payment for religious councils,,,970000,968441
86,8,1.860000.110,שכר-קליטת עליה והתנדבות,Salaries - absorption of olim and volunteering ,,,0,0
87,,1.870000.810,הש.אג.ערים אכות סביב,Payments to the Association of Cities for Environmental Protection,,,110000,111804
935,,1.935000.110,שכר-פיקוח קרקעות,Salary - land inspection,,,185000,190448.7
935,,1.935000.580,הוצאות ארגוניות-קרקעות,Organizational expenses - land,,,0,428
935,,1.935000.734,מגנום פיקוח 33-730-35,Magnum - land inspection,,,0,2174
935,,1.935000.737,דימקס 44-907-72 פיקוח קרקע,D-Max land inspection,,,50000,58957.82
935,,1.935000.740,כלים וציוד-פקוח קרקע,Tools and equipment - land inspection,,,10000,441
935,,1.935000.750,ע.קבלניות-קרקעות,Contractor projects - land inspection,,,20000,0
94,9,1.940000.110,שכר-קצין בטיחות רכב,Salary - Vehicle security officer,,,190000,189377.28
94,9,1.940000.533,מזד3 הנדסה חלפ8752159 מ-1/12,Mazda 3 - engineering from 1/12,,,0,0
94,9,1.940000.710,עב.קבל.הסעת עובדים,Contractor for employee transportation,,,60000,65821
94,9,1.940000.780,הוצ.שונות-תחבורה,Misc expenses - transportation,,,15000,29260.63
94,9,1.940000.930,קנית כלי רכב,Procuement of vehicles,,,0,0
971,,1.971000.110,שכר-ביוב,Salary - sewage department,,,500000,506449.46
971,,1.971000.530,מזד.3 מח'ביוב 53-183-65 מ-2/12,Mazda 3 - sewage department,,,0,0
971,,1.971000.730,רכב ביוב 97-014-19,Sewage vehicle,,,0,0
971,,1.971000.733,מגנום ביוב 9583710 נמכר 3/12,Magnum - sewage department sold 3/12,,,60000,58338.68
971,,1.971000.734,ג'מפי 42-499-57 מח'ביוב,Citroen Jumpy - sewage department,,,45000,61636.17
971,,1.971000.735,פורד ביוב 68-888-63 מ-3/11,Ford - sewage department from 3/11,,,0,81356.92
971,,1.971000.737,מג.ביוב 5494236 מ9/08,Magnum - sewage department from 9/08,,,50000,88164.96
971,,1.971000.740,גרור ביוב 95-971-14 ויינגולד,Sewage tow,,,1000,3870.12
971,,1.971000.750,הוצאות ביוב,Sewage expenses,,,1450000,1452847.42
971,,1.971000.751,שאיבת בורות שופכין,Cesspool pumping,,,200000,145016.5
99,,1.990000.910,השת.בתקציב בלתי רגיל,Payment to irregular budget,,,10000000,9400000
99,,1.990000.920,תשלומים בלתי רגילים,Irregular payments,,,50000,53000
991,,1.991000.810,השתתפות בקרן גוש-עציון,Payments to the Gush Etzion fund,,,220000,220000
994,,1.994000.110,שכר גימלאים,Pensioners salaries,,,2120000,2119713.67
994,,1.994000.810,השתתפות בפנסיה לגימלאים,Payments to pensioners pension fund,,,0,4770
994,,1.994000.970,מקדמה על הוצ.עודפות,Down payment on expense surpluses,,,100000,71454
995,,1.995000.860,הנחות לזכאים ארנונה-הוצ,Property tax discount for those entitled - expense,,,1200000,1347010.61
995,,1.995000.861,הנחות מימון ארנונה-הוצ.,Discount on property tax financing - expense,,,200000,234786.08